Title,Author,DocumentType,Year
ULHG_Patient_Flow_Report_2022,Deloitte,Review,2022
Service_Plan_2001,Mid-Western Health Board,Service_Plan,2001
Quality_and_Fairness_A_Health_System_for_You_2001,Department of Health and Children,Strategy,2001
Report_of_the_Committee_on_Accident_and_Emergency_Services_2002,Comhairle na nOspid√©al,Review,2002
Primary_Care_A_New_Direction_2001,Department of Health and Children,Strategy,2001
Hanly_Report,MOHC,Review,2003
UHL_Support_Team_Report-2024,HSE,Report,2024
Frank_Clarke_Report,HSE,Review,2024
Future_Health_2012_2015,DOH,Strategy,2012
